Q_bauxite_[t/h],date,time,Q_liquid_mill13_[m3/h],Q_liquid_mixer13_[m3/h],Q_liquid_mixer14_[m3/h],l/s_mill13_unloading,plus_160_mill13_unloading_[%],minus_56_mill13_unloading_[%],l/s_sliv_hydrocyclone1,plus_160_sliv_hydrocyclone1_[%],minus_56_sliv_hydrocyclone1_[%],l/s_peski_hydrocyclone1,plus_160_peski_hydrocyclone1_[%],minus_56_peski_hydrocyclone1_[%],l/s_mill14_unloading,plus_160_mill14_unloading_[%],minus_56_mill14_unloading_[%],l/s_sliv_hydrocyclone2,plus_160_sliv_hydrocyclone2_[%],minus_56_sliv_hydrocyclone2_[%],l/s_peski_hydrocyclone2,plus_160_peski_hydrocyclone2_[%],minus_56_peski_hydrocyclone2_[%]
83.7862,08/02/23,11:30÷11:43,49.4,87.0,121.0,2.6,30.71,52.16,4.3,2.73,85.32,1.1,73.58,11.44,1.9,49.87,25.73,4.4,10.11,64.46,1.1,81.62,2.62
72.9909,08/02/23,11:57÷12:00,44.0,79.6,133.0,2.7,22.19,63.92,4.0,5.30,80.86,,,,2.3,48.71,27.88,4.0,10.42,65.80,,,
104.2654,08/02/23,12:20÷12:23,43.0,79.0,132.0,1.9,25.43,60.32,3.1,3.33,81.74,,,,1.5,50.55,26.62,4.4,5.88,66.78,,,
47.7520,09/02/23,16:08÷16:20,46.4,76.7,100.8,4.0,15.79,70.30,6.8,1.61,93.50,1.5,47.05,34.20,2.4,21.96,48.47,4.7,2.71,77.47,1.9,28.57,45.69
56.1883,09/02/23,16:31÷16:36,46.4,76.1,100.7,3.4,22.96,60.90,5.3,3.00,87.04,,,,3.5,12.11,63.53,5.3,6.04,72.49,,,
58.2581,10/02/23,10:09÷10:20,44.8,93.7,140.2,3.7,17.67,65.80,4.9,1.23,90.90,1.4,68.92,11.50,7.5,5.72,80.40,4.7,2.71,77.5,1.1,70.47,5.8
60.4904,10/02/23,10:28÷10:33,44.9,94.9,139.2,3.6,26.55,54.90,4.5,1.55,88.20,,,,9.2,5.24,81.52,4.6,3.51,76.80,,,
72.6753,14/02/23,9:12÷9:27,49.8,79.1,93.8,2.8,35.09,49.70,3.4,5.73,76.90,0.9,79.18,8.40,1.9,41.66,40.80,3.3,21.31,43.6,0.7,69.95,16.8
65.5860,14/02/23,11:02÷11:12,43.5,68.5,122.6,2.7,32.25,50.90,4.8,1.07,90.90,,,,1.5,34.12,40.90,3.5,1.34,84.10,,,
73.9121,14/02/23,14:27÷14:33,47.5,74.1,85.1,2.6,31.55,50.70,3.2,21.00,64.80,,,,1.8,35.46,34.70,6.5,0.36,93.7,,,
55.2640,15/02/23,9:09÷9:17,55.1,92.6,124.6,4.2,27.50,62.60,7.1,0.77,89.40,1.7,57.12,10.90,5.9,0.89,86.48,11.1,0.98,91.6,1.0,53.45,9.5
50.9985,15/02/23,10:56÷11:00,57.1,79.2,104.2,4.2,16.30,82.40,5.9,1.93,89.00,,,,2.1,26.30,45.40,5.1,3.6,79.10,,,
60.8935,15/02/23,14:05÷14:08,49.7,70.1,110.7,3.1,22.63,60.30,4.5,2.79,87.95,,,,1.9,37.06,30.70,4.7,3.74,67.7,,,
70.5854,17/02/23,9:11÷9:23,47.3,87.3,117.0,3.0,27.27,54.95,6.1,1.11,89.63,1.0,62.81,21.23,2.2,34.54,33.79,4.9,3.43,68.45,0.7,51.29,27.14
29.0854,17/02/23,11:00÷11:05,52.6,54.7,81.3,5.7,6.98,82.22,7.1,0.44,87.52,,,,3.9,20.40,38.41,6.5,1.38,72.14,,,
84.1906,17/02/23,13:55÷14:00,46.7,80.9,119.5,2.4,16.67,67.94,3.5,7.54,72.43,,,,2.9,38.90,31.81,4.3,4.72,73.54,,,
72.0221,21/02/23,9:00÷9:05,47.0,94.0,111.0,3.1,18.04,64.58,3.9,9.24,65.99,1.4,64.33,16.85,2.3,34.60,37.31,4.2,7.34,61.35,0.7,74.37,7.07
63.4695,21/02/23,11:25÷11:32,53.6,95.6,105.8,3.7,16.91,66.02,5.9,0.98,92.46,,,,1.9,44.25,22.01,4.3,7.84,59.77,,,
56.4151,21/02/23,14:30÷14:39,36.3,70.6,78.2,3.0,18.99,66.22,5.4,2.41,82.94,,,,1.4,28.19,40.91,2.9,5.98,62.25,,,
85.9209,27/02/23,9:05÷9:15,53.2,82.0,118.6,2.5,14.36,71.49,4.9,3.65,95.91,1.1,33.12,48.80,0.8,34.06,36.41,4.5,5.5,90.85,0.8,63.65,11.66
61.0884,27/02/23,14:08÷14:11,54.5,85.7,123.8,3.6,3.91,68.29,5.5,0.78,91.48,,,,1.9,27.74,70.10,5.9,2.06,73.67,,,
44.2173,27/02/23,15:00÷15:05,54.4,90.7,128.3,5.1,14.92,67.58,9.0,0.25,95.66,,,,2.7,20.31,45.01,8.0,0.41,84.62,,,
44.8055,01/03/23,8:35÷8:50,53.9,96.5,102.0,5.2,22.45,57.47,5.9,1.39,90.48,1.1,50.48,28.92,2.0,24.37,39.67,4.9,4.40,66.65,1.0,42.81,20.18
63.8130,01/03/23,12:14÷12:19,42.5,79.1,106.8,3.0,20.46,64.03,7.4,0.76,95.71,,,,4.0,8.37,64.35,8.8,0.34,92.55,,,
66.9386,01/03/23,15:00÷15:06,48.8,92.5,125.6,3.3,33.59,48.60,6.0,1.21,89.39,,,,2.8,22.59,44.29,5.9,1.77,73.58,,,
73.8373,02/03/23,9:00÷9:15,41.5,99.5,102.9,3.0,26.11,61.48,4.5,3.54,83.29,1.0,72.95,8.59,2.5,34.55,40.79,8.0,0.06,98.15,0.7,66.7,14.6
63.4242,02/03/23,11:10÷11:15,44.5,85.0,110.1,3.2,25.99,57.19,5.3,1.03,91.50,,,,3.4,31.92,30.93,5.3,1.85,78.59,,,
57.4783,02/03/23,14:15÷14:20,39.1,94.4,129.5,3.6,22.32,61.23,6.0,0.76,92.53,,,,3.5,40.20,23.46,5.5,6.4,55.14,,,
68.1527,03/03/23,9:20÷9:35,52.1,113.5,135.1,3.8,38.99,45.32,5.1,4.90,78.76,0.9,56.40,27.65,3.2,45.55,19.07,3.6,15.22,52.48,0.6,66.83,16.81
79.1585,03/03/23,11:31÷11:37,52.7,124.0,134.5,3.5,17.22,64.11,2.7,17.74,50.36,,,,2.0,40.68,30.16,4.3,7.23,71.71,,,
98.0562,03/03/23,13:45÷13:48,50.5,124.9,123.2,2.8,26.86,59.17,6.5,1.43,88.26,,,,1.5,54.39,26.55,3.2,0.03,65.19,,,
60.6618,06/03/23,8:50÷9:10,49.5,93.5,123.8,3.7,16.21,68.09,4.7,2.62,88.14,0.9,55.62,27.15,2.8,27.56,40.23,4.8,14.47,55.26,1.6,81.53,0.65
48.6531,06/03/23,11:20÷11:27,43.6,64.7,73.3,3.5,14.94,70.66,4.8,3.66,79.78,,,,1.8,28.2,37.83,4.9,0.62,88.56,,,
56.4410,06/03/23,14:40÷14:45,49.5,98.9,131.9,4.1,19.26,63.41,5.1,1.93,83.81,,,,2.2,33.83,25.48,5.3,4.36,65.75,,,
64.6422,09/03/23,8:55÷9:09,45.6,73.4,98.3,2.9,23.01,62.32,5.7,0.93,94.45,1.9,44.51,27.84,2.1,31.53,34.71,5.0,1.13,76.37,0.9,48.3,16.45
155.1659,09/03/23,14:19÷14:22,43.4,78.8,80.4,1.3,34.24,33.28,3.8,1.40,91.09,,,,2.3,27.63,58.45,5.5,7.40,40.3,,,
79.7603,09/03/23,15:20÷15:25,43.3,88.2,116.8,2.6,28.33,55.40,4.1,0.94,93.20,,,,1.5,48.73,24.05,4.1,8.98,63.3,,,
71.9453,10/03/23,9:04÷9:12,52.4,106.3,145.4,3.5,31.17,51.55,5.4,0.68,96.86,0.9,61.64,22.48,2.2,45.28,23.19,5.5,5.00,68.75,0.7,53.75,23.51
93.9888,10/03/23,11:20÷11:24,49.8,114.7,145.9,2.8,22.02,64.25,5.0,0.71,94.68,,,,2.0,42.0,34.35,4.6,17.7,51.25,,,
64.5633,10/03/23,13:40÷13:44,43.8,112.2,124.0,3.8,20.59,63.91,5.6,0.18,97.98,,,,1.9,44.69,27.28,4.8,9.73,62.48,,,
58.7688,14/03/23,8:55÷9:11,48.8,93.1,110.8,3.8,23.41,57.85,5.9,1.00,94.22,1.3,67.32,12.66,1.9,33.28,37.25,5.4,7.40,57.31,0.7,67.89,6.59
50.0990,14/03/23,14:19÷14:24,49.8,97.4,111.5,4.6,13.74,73.81,5.9,4.60,79.73,,,,1.9,26.1,48.08,5.3,6.88,66.03,,,
60.4824,14/03/23,15:20÷15:27,49.2,116.4,87.2,4.3,10.95,73.69,5.4,0.66,94.60,,,,1.8,33.47,39.62,3.0,4.06,71.3,,,
77.7457,15/03/23,9:00÷9:20,46.9,99.7,135.0,3.0,30.10,60.11,5.5,1.57,90.85,1.0,63.18,21.99,1.7,37.11,38.02,4.7,10.80,58.51,0.7,72.7,6.47
78.7297,15/03/23,11:25÷11:31,50.9,77.0,96.7,2.6,28.34,59.57,4.7,1.47,95.21,,,,1.2,44.36,21.74,4.6,4.09,72.56,,,
52.3521,15/03/23,15:25÷15:31,50.6,90.5,116.4,4.2,12.98,74.70,6.0,0.57,97.49,,,,2.7,11.26,61.65,7.5,0.37,91.7,,,
74.7293,16/03/23,9:00÷9:20,49.1,82.7,107.2,2.8,32.97,54.74,5.4,1.96,91.26,0.9,55.41,28.44,1.1,41.90,27.67,5.3,2.15,76.07,0.6,60.36,14.18
69.2618,16/03/23,11:22÷11:28,49.0,77.7,100.8,2.9,17.94,68.11,5.6,0.57,96.34,,,,1.4,31.21,36.22,5.8,3.19,66.28,,,
68.8365,16/03/23,14:13÷14:23,48.5,85.7,114.0,3.1,25.10,60.85,5.7,0.52,97.25,,,,1.3,33.20,38.40,5.9,2.63,77.85,,,
57.5269,20/03/23,8:55÷9:04,46.8,77.3,114.4,3.4,27.28,59.47,4.8,0.85,95.20,1.6,59.81,24.90,1.9,39.22,34.92,5.1,2.34,79.59,0.8,64.55,12.65
61.6958,20/03/23,11:17÷11:21,47.2,77.8,114.6,3.2,29.06,57.56,4.8,1.44,92.86,,,,2.0,35.35,38.54,5.5,5.39,76.45,,,
47.2071,20/03/23,13:53÷13:57,47.5,91.3,126.5,4.6,7.56,79.96,5.0,0.64,94.62,,,,2.0,39.82,37.27,5.1,7.54,68.99,,,
42.0761,21/03/23,9:00÷9:15,39.7,79.0,105.2,4.4,10.65,75.35,5.5,0.41,97.58,1.1,50.90,32.65,2.2,28.75,43.79,5.8,2.68,78.77,1.1,48.69,21.77
59.3515,21/03/23,11:33÷11:38,46.4,85.9,116.7,3.5,24.39,61.48,5.6,1.27,94.41,,,,2.9,28.94,38.31,6.5,3.35,79.42,,,
55.0476,21/03/23,14:10÷14:15,42.6,80.8,109.3,3.5,18.38,70.92,6.2,0.40,94.40,,,,2.1,23.36,49.53,4.7,3.87,79.31,,,
58.3222,23/03/23,9:05÷9:25,47.0,122.8,160.6,4.5,27.93,58.96,6.8,2.50,91.41,0.8,67.20,17.33,2.6,37.23,34.70,5.5,5.13,66.41,0.8,61.8,12.7
58.5970,23/03/23,11:43÷11:50,47.3,123.3,160.3,4.5,14.36,75.22,9.5,0.15,94.85,,,,4.2,15.76,73.48,10.8,0.60,80.43,,,
67.0990,23/03/23,14:11÷14:16,49.5,114.0,155.8,3.8,18.35,69.76,6.1,1.36,94.16,,,,2.7,29.33,43.41,5.2,6.37,72.07,,,
98.0212,24/03/23,9:00÷9:16,46.8,127.3,161.6,2.8,13.14,71.15,6.3,1.46,85.26,0.7,68.64,16.19,3.0,29.94,35.17,5.6,7.72,59.17,0.6,72.8,11.58
51.9238,24/03/23,11:42÷11:48,45.2,136.2,157.9,5.4,6.59,81.38,6.8,1.40,85.35,,,,2.9,33.6,32.68,7.9,4.82,60.94,,,
73.7744,24/03/23,14:06÷14:11,47.9,137.0,154.2,3.9,20.12,65.11,6.4,1.72,84.14,,,,3.7,25.04,42.84,5.4,9.46,55.79,,,
62.9278,29/03/23,8:45÷9:00,51.5,116.8,151.4,4.2,17.15,70.13,5.7,0.78,90.45,0.8,70.74,7.42,2.5,27.41,48.56,5.0,8.17,64.94,0.6,70.83,11.63
44.9365,29/03/23,11:32÷11:37,51.0,78.0,102.9,4.5,28.47,51.70,6.8,2.92,92.77,,,,2.8,30.79,35.99,4.9,8.13,49.21,,,
71.3188,29/03/23,14:20÷14:25,48.4,110.8,150.1,3.5,20.84,63.11,5.8,3.41,87.83,,,,2.6,43.14,25.04,6.5,4.33,63.33,,,
78.6672,30/03/23,9:05÷9:15,47.9,101.9,124.3,3.0,18.84,66.21,4.4,6.25,78.27,0.7,73.83,10.16,1.9,42.15,33.41,3.7,11.49,56.62,0.7,77.99,5.18
46.9124,30/03/23,11:35÷11:40,50.7,91.2,107.3,4.7,8.31,82.13,5.8,1.68,93.50,,,,6.0,10.36,65.64,6.1,1.74,80.83,,,
56.8600,30/03/23,14:10÷14:15,50.8,103.1,156.4,4.2,14.72,71.50,5.1,3.65,85.15,,,,3.3,29.00,46.54,4.7,12.77,60.95,,,
56.6632,31/03/23,9:00÷9:20,53.9,121.6,141.0,4.8,12.06,74.95,7.0,3.94,80.28,0.7,51.21,31.54,3.2,38.66,24.02,4.8,5.87,59.58,0.8,70.17,7.08
45.7057,31/03/23,11:32÷11:37,51.8,95.8,151.4,5.0,12.77,72.27,6.7,0.66,87.41,,,,3.5,27.05,43.34,6.4,5.00,76.17,,,
68.8375,31/03/23,13:40÷13:45,52.0,96.5,151.7,3.4,25.89,55.01,4.5,12.83,64.07,,,,3.5,37.28,28.39,5.4,11.39,57.22,,,
111.5607,03/04/23,9:52÷10:10,51.0,102.5,143.8,2.2,20.26,63.35,5.9,0.29,95.81,1.1,59.45,20.58,1.3,46.58,23.78,5.5,4.65,62.83,0.5,68.77,13.19
78.6657,03/04/23,11:41÷11:47,52.0,123.6,154.7,3.5,27.45,52.02,6.9,1.02,91.99,,,,2.0,35.93,33.84,8.3,3.25,59.12,,,
40.7350,03/04/23,14:18÷14:24,51.0,123.6,155.1,6.6,6.53,81.43,5.8,7.08,82.06,,,,1.7,42.12,34.84,4.9,16.6,52.55,,,
48.5361,05/04/23,8:45÷9:01,40.3,61.2,101.3,3.3,19.21,63.94,4.0,3.06,77.73,2.2,74.44,2.04,2.1,34.69,36.55,4.3,2.47,73.15,1.1,66.14,4.42
70.5138,05/04/23,11:53÷11:58,45.5,83.4,125.4,2.9,21.46,62.48,5.1,1.77,77.71,,,,2.0,25.78,50.96,4.8,2.80,71.07,,,
70.4741,05/04/23,14:13÷14:18,48.7,95.5,150.9,3.2,23.89,62.08,4.7,6.57,73.29,,,,3.4,49.04,23.69,4.7,10.38,57.03,,,
92.9631,10/04/23,8:53÷9:01,49.0,120.7,131.7,2.9,35.30,51.28,5.5,1.96,87.95,0.9,69.16,10.12,1.8,41.42,37.14,4.8,8.86,59.89,6.0,76.32,10.27
86.0612,10/04/23,11:18÷11:22,49.3,124.7,131.8,3.2,27.38,56.59,6.5,0.65,95.33,,,,2.6,43.34,29.90,6.3,2.90,76.15,,,
90.5489,10/04/23,13:40÷13:46,48.2,122.9,137.0,3.0,27.83,57.58,5.1,0.79,95.50,,,,2.7,34.06,39.47,4.8,5.92,73.89,,,
64.8312,12/04/23,8:45÷8:55,51.0,102.8,140.9,3.7,24.58,57.34,4.8,7.13,67.24,0.7,51.86,34.83,3.6,57.17,5.25,4.7,9.24,58.01,0.7,50.19,28.29
81.5838,12/04/23,11:21÷11:24,49.4,101.0,144.6,2.9,20.64,64.44,5.3,15.18,57.35,,,,2.0,42.15,27.93,5.1,8.94,50.00,,,
63.3633,12/04/23,13:53÷13:57,43.9,100.9,150.7,3.6,21.67,61.58,4.7,2.54,87.02,,,,4.3,61.28,3.83,4.8,10.46,63.27,,,
62.0091,13/04/23,9:14÷9:22,46.1,115.8,133.7,4.1,21.20,65.24,5.1,2.13,93.40,0.7,68.85,13.75,1.7,49.58,18.54,3.9,11.96,53.64,0.9,61.8,18.85
72.2289,13/04/23,11:35÷11:40,51.0,123.4,126.2,3.8,14.49,74.29,5.4,0.46,94.96,,,,3.0,23.53,50.63,4.6,3.71,71.9,,,
65.2500,13/04/23,14:44÷14:50,58.8,120.6,131.1,4.2,14.77,70.73,5.6,0.63,97.39,,,,2.8,26.48,33.03,5.5,2.42,78.64,,,
89.8927,17/04/23,9:00÷9:12,42.4,111.0,132.7,2.7,18.22,65.33,4.8,5.34,74.02,0.6,65.20,17.20,2.4,15.50,57.59,6.1,2.24,68.86,1.0,45.28,26.84
60.6615,17/04/23,11:28÷11:32,46.0,105.5,117.3,3.9,20.15,65.43,6.6,2.70,91.08,,,,1.9,42.41,32.14,4.8,3.75,80.18,,,
81.7534,17/04/23,13:39÷13:43,45.2,105.3,119.2,2.9,22.23,64.41,5.3,0.25,95.44,,,,2.4,25.33,40.79,5.1,3.43,65.22,,,
54.9335,20/04/23,9:08÷9:14,42.3,83.5,123.2,3.6,21.98,56.86,4.0,7.54,75.65,1.1,74.75,7.16,3.2,40.20,19.90,5.4,3.71,67.2,1.1,73.13,6.77
80.5386,20/04/23,11:41÷11:46,42.4,78.6,141.5,2.4,19.90,66.12,4.4,3.51,81.41,,,,3.0,31.16,42.38,6.1,7.56,53.91,,,
85.5434,20/04/23,15:43÷15:47,57.8,91.4,62.8,2.8,33.81,48.97,4.2,6.16,81.58,,,,2.2,32.45,34.51,3.4,3.95,72.07,,,
72.0461,21/04/23,9:00÷9:15,42.7,79.3,110.5,2.7,20.82,64.49,4.0,2.37,81.23,0.6,74.32,15.52,2.2,27.66,43.99,4.4,6.07,69.09,1.0,67.81,3.68
83.6541,21/04/23,11:30÷11:35,55.1,97.5,101.3,2.9,23.43,60.76,4.2,4.20,80.21,,,,1.8,41.49,29.78,3.4,14.48,52.17,,,
72.2911,21/04/23,14:00÷14:05,59.4,73.4,91.6,2.9,18.78,67.65,4.6,1.87,87.55,,,,1.7,42.77,28.72,3.5,10.6,53.08,,,
77.8340,26/04/23,8:43÷8:48,44.0,67.0,108.0,2.2,22.78,61.63,4.5,2.68,90.98,1.2,55.62,21.80,2.5,28.45,37.77,5.9,2.94,71.92,0.9,56.05,14.43
49.7911,26/04/23,11:38÷11:43,43.3,65.1,111.6,3.3,15.91,70.94,4.3,3.64,88.28,,,,3.5,11.14,67.15,5.6,2.36,68.91,,,
45.4948,26/04/23,14:15÷14:20,44.0,63.7,103.6,3.7,9.17,78.13,4.3,0.55,90.14,,,,4.0,7.33,69.88,6.0,0.54,82.03,,,
59.8296,27/04/23,9:11÷9:20,48.6,103.8,169.9,4.0,22.81,59.91,4.9,2.92,83.43,0.6,66.75,19.54,2.7,53.94,10.76,5.4,6.10,60.12,0.6,68.92,10.44
76.6223,27/04/23,11:24÷11:29,52.2,122.9,147.4,3.6,20.85,62.71,5.8,4.91,87.01,,,,2.3,46.15,27.74,4.8,10.15,58.78,,,
57.5952,27/04/23,13:44÷13:48,49.1,120.6,151.7,4.6,9.05,79.98,4.5,3.72,88.66,,,,4.7,25.49,39.56,7.0,3.17,82.64,,,
53.9911,28/04/23,9:08÷9:20,48.2,78.1,110.1,3.7,16.90,69.03,6.9,6.45,68.87,1.0,53.67,29.54,3.6,23.20,47.17,5.3,1.21,93.08,1.1,50.31,24.14
84.4437,28/04/23,11:27÷11:33,47.3,100.7,118.5,2.8,25.85,56.95,4.2,1.68,91.14,,,,1.7,44.9,31.68,3.0,11.38,59.61,,,
69.1662,28/04/23,13:40÷13:47,48.4,109.0,149.7,3.6,14.61,71.95,4.5,0.58,95.93,,,,2.7,49.04,21.66,9.9,0.22,94.11,,,
87.9381,03/05/23,9:06÷9:16,50.5,124.6,168.3,3.1,19.94,65.07,5.1,0.72,92.56,0.8,50.38,32.35,1.1,37.13,31.37,6.0,2.42,69.58,0.6,58.46,13.64
65.6356,03/05/23,11:48÷11:55,48.5,112.8,158.2,3.8,19.24,64.38,5.0,0.41,93.27,,,,2.4,39.08,31.52,5.3,4.88,71.49,,,
74.5001,03/05/23,14:10÷14:16,58.9,104.1,141.1,3.4,17.71,69.03,4.8,0.42,97.22,,,,2.8,37.51,32.01,4.8,9.76,64.35,,,
98.6860,04/05/23,9:10÷9:21,50.1,119.5,171.4,2.7,25.34,59.25,3.7,0.62,93.80,0.9,63.03,19.80,4.3,30.98,47.15,4.2,19.17,48.95,0.6,80.4,4.57
75.9950,04/05/23,11:46÷11:52,51.3,118.1,171.3,3.5,15.70,70.50,4.5,17.65,52.13,,,,5.8,44.03,33.39,4.3,1.85,90.11,,,
75.8507,04/05/23,14:27÷14:34,52.1,107.0,160.9,3.3,14.23,72.23,4.6,1.48,93.37,,,,3.8,29.60,44.13,5.7,5.8,60.35,,,
69.3459,05/05/23,9:10÷9:20,46.3,81.0,124.6,2.9,22.53,60.93,3.5,1.73,90.03,0.8,59.62,23.95,3.1,43.79,22.02,6.4,0.83,82.71,0.6,40.25,21.06
76.3319,05/05/23,11:45÷11:50,49.1,86.0,134.4,2.8,27.37,52.95,4.2,1.75,92.39,,,,3.5,26.8,30.92,4.5,4.63,71.55,,,
76.7782,05/05/23,14:27÷14:33,48.1,114.2,168.0,3.3,21.33,64.69,4.0,2.15,89.45,,,,4.9,14.64,75.48,6.3,2.35,72.91,,,
115.6580,10/05/23,9:35÷9:44,49.3,118.4,164.9,2.3,17.16,65.58,6.2,0.47,90.18,0.7,57.25,26.08,2.4,20.74,45.56,8.5,0.44,88.18,0.7,40.03,19.81
52.4965,10/05/23,11:58÷12:03,49.5,106.6,179.0,4.6,25.16,53.89,5.0,8.57,69.56,,,,3.2,45.29,13.46,4.9,16.83,53.05,,,
93.7399,10/05/23,14:07÷14:13,55.4,141.5,191.9,3.3,17.42,67.85,5.8,14.93,51.82,,,,3.4,26.31,47.41,5.2,10.71,61.9,,,
73.5809,11/05/23,9:05÷9:15,50.6,124.7,174.0,3.7,18.80,61.02,6.4,1.62,88.09,0.7,64.75,17.44,2.0,33.40,33.64,7.7,1.13,75,0.7,65.31,9.27
83.8653,11/05/23,11:49÷11:55,57.4,125.7,174.8,3.4,22.34,63.15,5.2,3.44,79.64,,,,2.7,33.2,37.05,5.8,4.29,66.62,,,
82.0683,11/05/23,14:35÷14:40,50.4,101.0,150.1,2.9,18.49,66.61,5.3,3.06,78.45,,,,2.1,34.77,20.58,5.8,1.41,84.69,,,
81.5549,12/05/23,9:08÷9:24,47.7,127.3,165.7,3.3,22.63,63.61,4.1,2.89,89.62,0.6,67.97,17.08,4.4,40.46,26.09,11.9,0.00,99.9,0.6,69.1,6.06
97.2485,12/05/23,11:45÷11:50,48.1,134.4,164.0,2.9,17.93,68.54,4.7,1.25,94.64,,,,2.2,38.43,29.93,4.3,3.51,89.45,,,
47.9426,12/05/23,13:52÷13:58,46.3,102.4,118.2,4.8,0.16,97.57,3.5,16.78,70.95,,,,4.7,3.47,72.98,1.4,26.17,43.37,,,
101.1129,16/05/23,9:07÷ 9:18,49.3,116.0,166.8,2.6,37.07,24.01,5.1,2.85,81.70,0.6,56.75,19.39,2.6,21.82,61.24,5.7,6.91,60.34,0.6,67.26,17.18
79.2442,16/05/23,11:45÷11:50,52.8,128.8,150.6,3.6,24.20,57.97,4.9,2.81,81.57,,,,3.1,44.16,19.58,4.6,4.86,70.18,,,
68.3471,16/05/23,14:54÷14:58,51.1,86.7,117.0,3.2,9.82,78.74,6.9,1.44,94.33,,,,10.6,0.08,99.06,7.6,0.4,97.33,,,
84.8603,17/05/23,9:11÷ 9:22,45.5,104.8,120.4,2.8,23.18,60.73,5.7,0.99,94.11,1.2,68.66,9.60,3.7,16.34,51.44,4.1,4.01,71.09,1.0,70.65,8.68
82.1985,17/05/23,11:37÷11:42,43.9,107.1,152.8,2.9,14.65,60.14,5.7,3.27,77.66,,,,4.0,20.97,61.96,5.6,3.79,64.61,,,
71.5149,17/05/23,13:36÷13:43,42.7,97.7,107.9,3.1,20.85,60.02,5.0,4.09,76.10,,,,3.6,25.99,36.95,5.3,3.21,72.68,,,
67.1803,18/05/23,11:23÷11:32,51.7,49.8,111.6,2.4,19.96,64.64,3.2,5.66,73.07,0.9,51.64,30.41,3.4,13.69,54.37,4.6,4.06,68.08,2.0,35.11,20.12
70.5867,18/05/23,13:32÷13:37,51.5,115.6,176.0,3.7,27.88,50.02,4.8,2.28,79.19,,,,3.0,34.26,30.29,4.9,8.38,56.49,,,
,18/05/23,16:01÷16:07,49.2,100.1,154.1,2.7,19.29,63.20,4.0,14.97,69.11,,,,,,,,,,,,
42.4444,22/05/23,9:22÷9:32,51.8,120.5,159.2,3.6,18.98,58.37,6.8,4.75,84.59,1.0,63.25,13.87,6.3,18.30,33.45,7.9,4.77,64.43,0.7,47.85,5.59
93.5677,22/05/23,11:47÷11:53,51.1,126.2,138.1,2.4,17.14,64.13,4.8,2.65,82.40,,,,3.0,28.68,37.99,4.9,1.64,73.1,,,
61.8826,22/05/23,14:53÷14:59,48.2,125.4,169.4,3.2,21.11,57.71,6.2,0.39,92.32,,,,4.4,24.06,30.73,6.3,1.02,67.41,,,
69.0048,23/05/23,9:14÷9:23,47.0,102.7,138.6,6.0,0.04,93.56,6.1,3.20,89.00,1.2,34.14,35.34,3.4,24.53,32.38,9.1,0.01,99.36,0.7,46.85,19.93
42.3413,23/05/23,11:57÷12:04,52.6,100.7,159.8,3.4,9.17,71.03,5.2,0.63,71.65,,,,5.6,6.89,47.12,7.8,0.06,73.21,,,
60.7948,23/05/23,14:11÷14:15,47.3,117.6,152.3,5.2,8.59,72.40,5.5,0.40,94.45,,,,4.2,18.08,36.39,5.5,0.94,67.18,,,
52.8596,25/05/23,9:05÷9:17,48.2,114.6,187.0,3.4,20.09,62.40,5.9,0.89,82.77,0.7,54.46,25.71,4.8,19.28,46.04,6.4,0.66,78.82,0.7,54.93,11.74
47.5883,25/05/23,11:38÷11:43,45.9,119.4,190.3,3.5,18.14,67.06,4.9,2.05,79.19,,,,5.4,21.21,48.96,5.2,3.07,67.22,,,
86.6575,25/05/23,14:08÷14:13,49.1,137.5,177.3,3.9,21.73,60.91,5.6,0.95,86.39,,,,3.4,28.46,35.55,5.3,3.00,69.48,,,
64.6245,30/05/23,9:47÷9:53,52.9,133.4,163.4,4.4,14.22,70.91,5.0,0.67,87.54,1.1,61.10,13.98,4.5,5.68,65.58,5.8,0.27,87.14,1.1,43.99,3.17
,30/05/23,11:54÷12:00,69.9,149.3,125.8,5.2,8.46,74.98,5.0,5.12,81.43,,,,0.7,27.57,33.13,5.7,3.55,77.66,,,
104.0110,30/05/23,14:22÷14:27,57.0,141.2,141.6,4.7,27.44,50.54,6.1,1.64,86.40,,,,3.0,37.29,20.80,4.8,2.38,72.34,,,
68.0485,31/05/23,9:00÷9:12,50.5,136.6,162.9,3.9,14.64,68.04,5.6,0.90,89.64,0.9,62.75,11.36,4.3,27.82,28.75,5.3,4.08,63.2,0.7,58.28,5.53
96.6944,31/05/23,11:30÷11:36,51.3,138.4,160.7,4.1,17.08,65.90,5.4,2.86,84.49,,,,3.1,34.87,20.39,5.9,1.63,63.96,,,
68.4357,31/05/23,15:25÷15:31,52.1,122.1,176.9,4.0,14.91,70.25,5.5,1.76,75.07,,,,4.0,24.05,40.24,5.9,1.63,63.96,,,
91.5623,01/06/23,8:58÷9:10,45.0,128.5,184.7,3.3,32.08,42.55,4.6,1.90,77.43,0.6,64.03,16.34,3.0,33.26,26.98,5.0,2.72,65.09,0.5,60.3,12.94
97.1414,01/06/23,11:30÷11:37,49.1,128.6,179.9,4.2,17.93,66.95,5.9,1.07,83.13,,,,2.9,25.00,37.43,5.6,3.36,67.57,,,
104.0608,01/06/23,13:45÷13:50,47.8,122.2,171.7,5.6,14.31,63.39,5.8,1.25,81.11,,,,2.6,30.33,32.70,6.0,2.84,72.66,,,
63.8495,07/06/23,9:10÷9:23,50.6,104.0,124.0,3.0,16.13,62.89,5.8,2.11,88.11,1.0,66.56,10.12,3.8,16.56,42.53,5.0,2.11,65.35,1.1,61.74,0.64
46.8650,07/06/23,14:24÷14:28,49.7,100.9,125.7,4.3,23.72,55.19,5.3,0.86,88.67,,,,5.0,22.80,59.29,5.3,2.55,57.14,,,
104.3729,14/06/23,9:08÷9:20,50.4,134.2,165.4,2.8,22.35,58.60,5.0,0.34,94.72,0.6,61.89,18.23,2.5,25.19,37.58,6.2,1.14,70.47,0.7,63.09,1.33
66.9980,14/06/23,11:58÷12:05,50.6,134.0,164.5,4.3,16.29,62.69,5.2,0.58,95.22,,,,2.8,44.00,17.53,11.8,0.01,98.12,,,
76.0893,14/06/23,13:45÷13:50,51.2,134.6,164.3,3.8,17.11,61.71,5.4,0.53,95.63,,,,2.2,35.88,27.43,5.3,3.60,70.0,,,
87.5087,15/06/23,11:10÷11:20,54.6,100.5,114.8,2.8,32.95,45.96,5.3,4.25,87.34,0.7,56.74,19.99,2.7,22.25,32.89,6.7,0.81,80.94,0.7,55.49,3.85
66.7953,15/06/23,14:35÷14:42,49.1,144.0,159.1,4.5,8.65,78.87,6.1,1.17,90.29,,,,2.0,36.40,25.85,5.1,3.01,65.87,,,
115.9439,16/06/23,9:00÷9:11,60.9,136.4,156.3,2.7,35.72,24.39,6.7,2.88,90.94,0.6,63.55,4.92,3.4,24.66,55.34,6.1,3.18,66.44,0.7,51.83,28.42
55.3733,16/06/23,11:30÷11:35,52.2,140.3,159.1,5.4,24.60,54.51,3.5,3.70,74.35,,,,3.1,37.70,30.07,4.1,10.06,50.07,,,
82.2411,16/06/23,13:45÷13:50,51.4,137.2,157.8,3.6,19.83,60.40,6.8,5.35,88.85,,,,2.8,31.19,31.26,7.2,4.46,90.0,,,
93.9880,20/06/23,9:10÷9:27,53.1,132.2,145.1,3.1,22.99,59.09,5.1,1.34,81.65,0.6,62.29,13.81,1.9,36.63,29.32,4.9,3.45,75.26,0.6,65.57,9.45
51.9089,20/06/23,11:40÷11:49,53.7,100.0,110.6,4.6,10.00,70.12,5.2,0.31,93.50,,,,2.5,17.80,46.09,5.0,1.85,74.0,,,
56.1265,20/06/23,13:50÷13:56,52.0,99.7,112.1,4.2,6.92,77.18,5.4,0.17,96.09,,,,2.8,17.26,61.53,5.3,1.10,69.83,,,
57.7061,22/06/23,9:05÷9:15,45.5,136.4,160.2,4.9,25.48,53.82,5.8,1.25,85.05,1.0,78.20,0.46,2.7,28.33,28.47,6.0,1.64,66.81,0.7,57.4,11.42
66.4615,22/06/23,11:43÷11:48,52.4,139.6,157.8,4.5,13.45,70.79,5.6,0.94,84.35,,,,6.0,1.60,66.81,5.8,3.71,52.29,,,
61.5284,22/06/23,13:50÷13:55,51.1,139.2,157.4,4.8,27.52,50.85,6.4,0.90,92.43,,,,3.2,27.18,28.02,8.1,1.71,69.88,,,
87.1173,28/06/23,14:02÷14:17,47.3,142.9,145.0,3.4,18.69,61.14,4.8,3.41,82.28,0.8,76.24,5.60,2.6,31.45,31.55,4.5,3.35,62.88,0.6,68.1,7.49
66.7146,28/06/23,15:20÷15:25,53.4,145.4,158.3,4.6,12.52,72.52,5.7,1.24,86.06,,,,4.3,20.24,41.62,5.5,3.06,71.1,,,
55.3300,12/09/23,9:45÷10:00,52.5,68.3,100.7,3.4,49.80,38.32,6.9,1.19,87.85,1.4,62.20,11.29,2.9,44.93,41.02,6.0,0.85,69.81,1.1,59.39,10.4
36.9784,12/09/23,10:45÷10:58,50.1,65.0,100.0,4.8,16.59,66.86,5.5,1.05,85.22,1.4,56.14,19.15,2.8,11.96,49.27,5.3,0.37,76.96,1.0,33.8,13.78
46.2246,12/09/23,11:40÷11:52,59.5,62.9,109.3,4.1,11.47,73.24,5.6,0.71,86.49,1.1,57.65,22.03,2.9,40.54,44.46,5.9,0.38,73.99,1.0,30.73,20.91
54.3461,12/09/23,15:20÷15:30,60.6,76.1,127.5,3.9,12.36,72.12,5.2,1.29,84.52,1.0,64.20,13.76,2.4,10.04,61.01,5.6,0.44,71.52,0.9,33.53,17.18
55.2992,12/09/23,16:20÷16:30,59.6,90.5,147.8,4.2,28.64,49.77,4.7,2.20,58.11,0.7,73.82,9.75,2.3,36.45,20.49,5.4,1.10,80.7,0.7,52.46,18.65
64.1787,12/09/23,17:10÷17:20,59.4,93.5,144.2,3.7,33.18,17.47,6.4,1.21,80.75,0.8,74.05,5.37,4.3,58.13,5.33,4.6,2.35,62.11,0.9,62.84,0.78
54.9028,25/09/23,14:50÷15:09,66.6,131.9,161.6,5.6,39.77,38.10,6.2,0.96,77.31,1.2,75.58,0.06,2.3,28.21,30.10,5.4,1.79,66.99,0.7,48.53,8.54
49.5319,27/09/23,15:23÷15:35,58.1,101.1,142.4,5.0,19.70,57.02,5.4,0.96,85.11,1.1,74.30,7.17,1.8,27.43,41.09,4.7,0.95,77.56,1.1,65.32,3.57
48.3660,28/09/23,14:30÷14:39,57.4,113.2,171.7,5.5,13.32,63.71,6.3,1.59,83.88,1.1,76.64,2.80,1.9,35.58,20.36,5.8,1.13,84.59,0.6,53.87,4.46
61.9413,02/10/23,15:32÷15:40,57.2,134.3,180.9,4.9,14.10,70.70,7.1,0.06,97.32,0.6,66.50,16.19,1.9,26.33,37.09,5.1,1.79,72.23,0.4,63.65,1.36
101.3303,04/10/23,14:42÷14:50,31.6,115.2,181.5,2.4,23.86,57.00,6.3,0.16,98.12,0.5,53.68,10.44,1.7,30.27,35.89,11.4,0.01,99.41,3.0,30.59,42.1
68.4198,05/10/23,13:50÷14:00,59.4,99.4,159.2,3.6,14.03,64.91,5.3,0.18,97.29,0.7,63.19,19.72,1.5,37.14,32.21,4.6,3.21,73.11,0.6,66.06,13.37
79.0794,06/10/23,14:28÷14:40,55.9,92.8,152.3,3.0,27.53,56.74,4.3,1.54,75.93,0.5,87.18,6.77,1.9,21.47,45.01,4.8,2.32,67.64,0.7,72.00,7.65