,Q_bauxite_[t/h],time,Q_liquid_mill13_[m3/h],l/s_mill13_unloading,plus_160_mill13_unloading_[%],minus_56_mill13_unloading_[%],average_time,P56,P160,de_[mm],S_[m2/kg]
22,44.8055,8:35÷8:50,53.9,5.2,22.45,57.47,2023-01-03 08:42:30,0.5747,0.7755,0.07866047061205306,156.5220632092606
23,63.813,12:14÷12:19,42.5,3.0,20.46,64.03,2023-01-03 12:16:30,0.6403,0.7954,0.053363945167616424,156.5220632092606
24,66.9386,15:00÷15:06,48.8,3.3,33.59,48.6,2023-01-03 15:03:00,0.486,0.6640999999999999,0.13540330416723872,156.5220632092606
145,91.5623,8:58÷9:10,45.0,3.3,32.08,42.55,2023-01-06 09:04:00,0.4255,0.6792,0.20133947023187523,61.1509464042523
146,97.1414,11:30÷11:37,49.1,4.2,17.93,66.95,2023-01-06 11:33:30,0.6695,0.8207,0.044908826486559944,61.1509464042523
147,104.0608,13:45÷13:50,47.8,5.6,14.31,63.39,2023-01-06 13:47:30,0.6339,0.8569,0.055415704505765606,61.1509464042523
25,73.8373,9:00÷9:15,41.5,3.0,26.11,61.48,2023-02-03 09:07:30,0.6148,0.7389,0.0620215660788941,198.5131935808979
26,63.4242,11:10÷11:15,44.5,3.2,25.99,57.19,2023-02-03 11:12:30,0.5719,0.7401,0.07998570506331515,198.5131935808979
27,57.4783,14:15÷14:20,39.1,3.6,22.32,61.23,2023-02-03 14:17:30,0.6123,0.7767999999999999,0.06294343827594263,198.5131935808979
175,61.9413,15:32÷15:40,57.2,4.9,14.1,70.7,2023-02-10 15:36:00,0.7070000000000001,0.859,0.035899631145289816,342.95893190048434
7,72.6753,9:12÷9:27,49.8,2.8,35.09,49.7,2023-02-14 09:19:30,0.49700000000000005,0.6491,0.1263296998652261,97.46005227864094
8,65.586,11:02÷11:12,43.5,2.7,32.25,50.9,2023-02-14 11:07:00,0.509,0.6775,0.11721484365613816,97.46005227864094
9,73.9121,14:27÷14:33,47.5,2.6,31.55,50.7,2023-02-14 14:30:00,0.507,0.6845,0.11868064171182437,97.46005227864094
10,55.264,9:09÷9:17,55.1,4.2,27.5,62.6,2023-02-15 09:13:00,0.626,0.725,0.05805727184858039,212.0681658160107
12,60.8935,14:05÷14:08,49.7,3.1,22.63,60.3,2023-02-15 14:06:30,0.603,0.7737,0.06649815099585484,212.0681658160107
13,70.5854,9:11÷9:23,47.3,3.0,27.27,54.95,2023-02-17 09:17:00,0.5495,0.7273000000000001,0.09149493012414198,134.56591678363682
15,84.1906,13:55÷14:00,46.7,2.4,16.67,67.94,2023-02-17 13:57:30,0.6794,0.8332999999999999,0.04234598293374918,134.56591678363682
16,72.0221,9:00÷9:05,47.0,3.1,18.04,64.58,2023-02-21 09:02:30,0.6457999999999999,0.8196,0.051660926651431155,238.3251705158656
17,63.4695,11:25÷11:32,53.6,3.7,16.91,66.02,2023-02-21 11:28:30,0.6602,0.8309,0.047450065604450545,238.3251705158656
18,56.4151,14:30÷14:39,36.3,3.0,18.99,66.22,2023-02-21 14:34:30,0.6622,0.8101,0.046892195796777766,238.3251705158656
19,85.9209,9:05÷9:15,53.2,2.5,14.36,71.49,2023-02-27 09:10:00,0.7149,0.8564,0.03422568147385754,359.7327685823949
20,61.0884,14:08÷14:11,54.5,3.6,3.91,68.29,2023-02-27 14:09:30,0.6829000000000001,0.9609,0.04147328743497028,359.7327685823949
21,44.2173,15:00÷15:05,54.4,5.1,14.92,67.58,2023-02-27 15:02:30,0.6758,0.8508,0.04326153535549994,359.7327685823949
28,68.1527,9:20÷9:35,52.1,3.8,38.99,45.32,2023-03-03 09:27:30,0.4532,0.6101,0.16730147640511134,73.59229229631472
29,79.1585,11:31÷11:37,52.7,3.5,17.22,64.11,2023-03-03 11:34:00,0.6411,0.8278,0.053112832861442374,73.59229229631472
30,98.0562,13:45÷13:48,50.5,2.8,26.86,59.17,2023-03-03 13:46:30,0.5917,0.7314,0.07109893701556584,73.59229229631472
70,111.5607,9:52÷10:10,51.0,2.2,20.26,63.35,2023-03-04 10:01:00,0.6335000000000001,0.7974,0.055546515345655634,221.65385311020958
71,78.6657,11:41÷11:47,52.0,3.5,27.45,52.02,2023-03-04 11:44:00,0.5202,0.7255,0.10937505161503458,221.65385311020958
103,87.9381,9:06÷9:16,50.5,3.1,19.94,65.07,2023-03-05 09:11:00,0.6507,0.8006,0.05018875806810554,245.31587604743243
104,65.6356,11:48÷11:55,48.5,3.8,19.24,64.38,2023-03-05 11:51:30,0.6437999999999999,0.8076,0.05227391539926778,245.31587604743243
105,74.5001,14:10÷14:16,58.9,3.4,17.71,69.03,2023-03-05 14:13:00,0.6903,0.8229,0.03968291881717198,245.31587604743243
40,58.7688,8:55÷9:11,48.8,3.8,23.41,57.85,2023-03-14 09:03:00,0.5785,0.7659,0.07689926949339851,160.10684151254387
41,50.099,14:19÷14:24,49.8,4.6,13.74,73.81,2023-03-14 14:21:30,0.7381,0.8626,0.02969745511540496,160.10684151254387
42,60.4824,15:20÷15:27,49.2,4.3,10.95,73.69,2023-03-14 15:23:30,0.7369,0.8905000000000001,0.02991837102339752,160.10684151254387
43,77.7457,9:00÷9:20,46.9,3.0,30.1,60.11,2023-03-15 09:10:00,0.6011,0.6990000000000001,0.06724952416045117,183.08083673327445
44,78.7297,11:25÷11:31,50.9,2.6,28.34,59.57,2023-03-15 11:28:00,0.5957,0.7166,0.06943353435063024,183.08083673327445
45,52.3521,15:25÷15:31,50.6,4.2,12.98,74.7,2023-03-15 15:28:00,0.747,0.8702,0.02810129311767325,183.08083673327445
46,74.7293,9:00÷9:20,49.1,2.8,32.97,54.74,2023-03-16 09:10:00,0.5474,0.6703,0.09266282449005693,132.869888447347
47,69.2618,11:22÷11:28,49.0,2.9,17.94,68.11,2023-03-16 11:25:00,0.6811,0.8206,0.041919981994123716,132.869888447347
48,68.8365,14:13÷14:23,48.5,3.1,25.1,60.85,2023-03-16 14:18:00,0.6085,0.749,0.06437165804859689,132.869888447347
49,57.5269,8:55÷9:04,46.8,3.4,27.28,59.47,2023-03-20 08:59:30,0.5947,0.7272000000000001,0.06984602456160277,176.27487363079535
50,61.6958,11:17÷11:21,47.2,3.2,29.06,57.56,2023-03-20 11:19:00,0.5756,0.7094,0.07823949626701603,176.27487363079535
52,42.0761,9:00÷9:15,39.7,4.4,10.65,75.35,2023-03-21 09:07:30,0.7535,0.8935,0.02698104909512942,456.32395945020966
53,59.3515,11:33÷11:38,46.4,3.5,24.39,61.48,2023-03-21 11:35:30,0.6148,0.7561,0.0620215660788941,456.32395945020966
54,55.0476,14:10÷14:15,42.6,3.5,18.38,70.92,2023-03-21 14:12:30,0.7092,0.8162,0.03542630391651126,456.32395945020966
55,58.3222,9:05÷9:25,47.0,4.5,27.93,58.96,2023-03-23 09:15:00,0.5896,0.7207,0.07198997127583909,171.02519885769257
56,58.597,11:43÷11:50,47.3,4.5,14.36,75.22,2023-03-23 11:46:30,0.7522,0.8564,0.027202115562742983,171.02519885769257
57,67.099,14:11÷14:16,49.5,3.8,18.35,69.76,2023-03-23 14:13:30,0.6976,0.8165,0.037986715244408054,171.02519885769257
58,98.0212,9:00÷9:16,46.8,2.8,13.14,71.15,2023-03-24 09:08:00,0.7115,0.8686,0.034937418165964226,352.4043790163153
60,73.7744,14:06÷14:11,47.9,3.9,20.12,65.11,2023-03-24 14:08:30,0.6511,0.7988,0.05007040900999906,352.4043790163153
61,62.9278,8:45÷9:00,51.5,4.2,17.15,70.13,2023-03-29 08:52:30,0.7012999999999999,0.8285,0.0371524754017052,331.39377713294607
62,44.9365,11:32÷11:37,51.0,4.5,28.47,51.7,2023-03-29 11:34:30,0.517,0.7153,0.11155296766136207,331.39377713294607
63,71.3188,14:20÷14:25,48.4,3.5,20.84,63.11,2023-03-29 14:22:30,0.6311,0.7916,0.05633788453145753,331.39377713294607
64,78.6672,9:05÷9:15,47.9,3.0,18.84,66.21,2023-03-30 09:10:00,0.6620999999999999,0.8116,0.046919938852648536,262.40654728634547
66,56.86,14:10÷14:15,50.8,4.2,14.72,71.5,2023-03-30 14:12:30,0.715,0.8528,0.03420494358020973,262.40654728634547
67,56.6632,9:00÷9:20,53.9,4.8,12.06,74.95,2023-03-31 09:10:00,0.7495,0.8794,0.027665993343060954,445.02646265177447
68,45.7057,11:32÷11:37,51.8,5.0,12.77,72.27,2023-03-31 11:34:30,0.7227,0.8723,0.03264088222317841,445.02646265177447
69,68.8375,13:40÷13:45,52.0,3.4,25.89,55.01,2023-03-31 13:42:30,0.5501,0.7411,0.09116421072616691,445.02646265177447
106,98.686,9:10÷9:21,50.1,2.7,25.34,59.25,2023-04-05 09:15:30,0.5925,0.7465999999999999,0.07076254392471501,173.99175425785884
107,75.995,11:46÷11:52,51.3,3.5,15.7,70.5,2023-04-05 11:49:00,0.705,0.843,0.036334831464191,173.99175425785884
108,75.8507,14:27÷14:34,52.1,3.3,14.23,72.23,2023-04-05 14:30:30,0.7223,0.8577,0.03272056473061928,173.99175425785884
176,101.3303,14:42÷14:50,31.6,2.4,23.86,57.0,2023-04-10 14:46:00,0.57,0.7614,0.08089855975956109,152.19182133529682
82,62.0091,9:14÷9:22,46.1,4.1,21.2,65.24,2023-04-13 09:18:00,0.6524,0.788,0.049687651048317266,247.78992150861438
83,72.2289,11:35÷11:40,51.0,3.8,14.49,74.29,2023-04-13 11:37:30,0.7429000000000001,0.8551,0.02882745983591245,247.78992150861438
84,65.25,14:44÷14:50,58.8,4.2,14.77,70.73,2023-04-13 14:47:00,0.7073,0.8523000000000001,0.03583475549319569,247.78992150861438
85,89.8927,9:00÷9:12,42.4,2.7,18.22,65.33,2023-04-17 09:06:00,0.6533,0.8178,0.049424335844715325,249.11005768277656
86,60.6615,11:28÷11:32,46.0,3.9,20.15,65.43,2023-04-17 11:30:00,0.6543000000000001,0.7985,0.04913335510343083,249.11005768277656
87,81.7534,13:39÷13:43,45.2,2.9,22.23,64.41,2023-04-17 13:41:00,0.6441,0.7777000000000001,0.05218151284436082,249.11005768277656
88,54.9335,9:08÷9:14,42.3,3.6,21.98,56.86,2023-04-20 09:11:00,0.5686,0.7802,0.0815783321894931,150.92364384958208
89,80.5386,11:41÷11:46,42.4,2.4,19.9,66.12,2023-04-20 11:43:30,0.6612,0.801,0.04717033730565992,150.92364384958208
90,85.5434,15:43÷15:47,57.8,2.8,33.81,48.97,2023-04-20 15:45:00,0.48969999999999997,0.6618999999999999,0.13227011505101235,150.92364384958208
91,72.0461,9:00÷9:15,42.7,2.7,20.82,64.49,2023-04-21 09:07:30,0.6448999999999999,0.7918000000000001,0.051935891474269705,237.0634026626782
92,83.6541,11:30÷11:35,55.1,2.9,23.43,60.76,2023-04-21 11:32:30,0.6076,0.7657,0.06471477163502187,237.0634026626782
93,72.2911,14:00÷14:05,59.4,2.9,18.78,67.65,2023-04-21 14:02:30,0.6765000000000001,0.8122,0.043082067284514046,237.0634026626782
94,77.834,8:43÷8:48,44.0,2.2,22.78,61.63,2023-04-26 08:45:30,0.6163000000000001,0.7722,0.06147507515036486,200.27790324932826
95,49.7911,11:38÷11:43,43.3,3.3,15.91,70.94,2023-04-26 11:40:30,0.7094,0.8409,0.03538355166280018,200.27790324932826
97,59.8296,9:11÷9:20,48.6,4.0,22.81,59.91,2023-04-27 09:15:30,0.5991,0.7719,0.06804996398934647,180.92734266747695
98,76.6223,11:24÷11:29,52.2,3.6,20.85,62.71,2023-04-27 11:26:30,0.6271,0.7915,0.057682016878650225,180.92734266747695
100,53.9911,9:08÷9:20,48.2,3.7,16.9,69.03,2023-04-28 09:14:00,0.6903,0.831,0.03968291881717198,310.26193435857203
101,84.4437,11:27÷11:33,47.3,2.8,25.85,56.95,2023-04-28 11:30:00,0.5695,0.7415,0.08114063554768054,310.26193435857203
102,69.1662,13:40÷13:47,48.4,3.6,14.61,71.95,2023-04-28 13:43:30,0.7195,0.8539,0.0332831054640727,310.26193435857203
73,48.5361,8:45÷9:01,40.3,3.3,19.21,63.94,2023-05-04 08:53:00,0.6394,0.8079,0.05364785117549354,229.49845862296442
74,70.5138,11:53÷11:58,45.5,2.9,21.46,62.48,2023-05-04 11:55:30,0.6248,0.7854,0.058469447144087305,229.49845862296442
75,70.4741,14:13÷14:18,48.7,3.2,23.89,62.08,2023-05-04 14:15:30,0.6208,0.7611,0.05986483700853895,229.49845862296442
109,69.3459,9:10÷9:20,46.3,2.9,22.53,60.93,2023-05-05 09:15:00,0.6093,0.7746999999999999,0.06406823937083504,192.17164813826042
110,76.3319,11:45÷11:50,49.1,2.8,27.37,52.95,2023-05-05 11:47:30,0.5295000000000001,0.7263,0.10331118830939708,192.17164813826042
111,76.7782,14:27÷14:33,48.1,3.3,21.33,64.69,2023-05-05 14:30:00,0.6469,0.7867,0.051326800203390845,192.17164813826042
177,68.4198,13:50÷14:00,59.4,3.6,14.03,64.91,2023-05-10 13:55:00,0.6491,0.8597,0.05066489229112787,243.0104673362935
121,101.1129,9:07÷ 9:18,49.3,2.6,37.07,24.01,2023-05-16 09:12:30,0.2401,0.6293,0.9234652467831096,13.332498646916214
122,79.2442,11:45÷11:50,52.8,3.6,24.2,57.97,2023-05-16 11:47:30,0.5797,0.758,0.07635185310856461,13.332498646916214
124,84.8603,9:11÷ 9:22,45.5,2.8,23.18,60.73,2023-05-17 09:16:30,0.6073,0.7682,0.06482956078474122,189.91489382583975
125,82.1985,11:37÷11:42,43.9,2.9,14.65,60.14,2023-05-17 11:39:30,0.6014,0.8535,0.06713030375608128,189.91489382583975
126,71.5149,13:36÷13:43,42.7,3.1,20.85,60.02,2023-05-17 13:39:30,0.6002000000000001,0.7915,0.06760850524310645,189.91489382583975
127,67.1803,11:23÷11:32,51.7,2.4,19.96,64.64,2023-05-18 11:27:30,0.6464,0.8004,0.051478412016481616,239.17014280215258
128,70.5867,13:32÷13:37,51.5,3.7,27.88,50.02,2023-05-18 13:34:30,0.5002,0.7212000000000001,0.12382245359352721,239.17014280215258
129,,16:01÷16:07,49.2,2.7,19.29,63.2,2023-05-18 16:04:00,0.632,0.8071,0.05603980853033947,239.17014280215258
130,42.4444,9:22÷9:32,51.8,3.6,18.98,58.37,2023-05-22 09:27:00,0.5837,0.8102,0.07455677854492211,165.1372201629077
131,93.5677,11:47÷11:53,51.1,2.4,17.14,64.13,2023-05-22 11:50:00,0.6413,0.8286,0.0530502375807178,165.1372201629077
132,61.8826,14:53÷14:59,48.2,3.2,21.11,57.71,2023-05-22 14:56:00,0.5771000000000001,0.7889,0.07754319879810563,165.1372201629077
134,42.3413,11:57÷12:04,52.6,3.4,9.17,71.03,2023-05-23 12:00:30,0.7103,0.9083,0.03519173476760366,349.85769341908275
135,60.7948,14:11÷14:15,47.3,5.2,8.59,72.4,2023-05-23 14:13:00,0.7240000000000001,0.9141,0.032383077647404376,349.85769341908275
136,52.8596,9:05÷9:17,48.2,3.4,20.09,62.4,2023-05-25 09:11:00,0.624,0.7991,0.05874586964864072,209.58237960981205
137,47.5883,11:38÷11:43,45.9,3.5,18.14,67.06,2023-05-25 11:40:30,0.6706,0.8186,0.0446169876975683,209.58237960981205
138,86.6575,14:08÷14:13,49.1,3.9,21.73,60.91,2023-05-25 14:10:30,0.6091,0.7827,0.06414395591860729,209.58237960981205
139,64.6245,9:47÷9:53,52.9,4.4,14.22,70.91,2023-05-30 09:50:00,0.7091,0.8578,0.03544769730779995,347.3314231472177
140,,11:54÷12:00,69.9,5.2,8.46,74.98,2023-05-30 11:57:00,0.7498,0.9154,0.027614132935849904,347.3314231472177
141,104.011,14:22÷14:27,57.0,4.7,27.44,50.54,2023-05-30 14:24:30,0.5054,0.7256,0.11986826744456286,347.3314231472177
142,68.0485,9:00÷9:12,50.5,3.9,14.64,68.04,2023-05-31 09:06:00,0.6804000000000001,0.8536,0.0420949063995059,292.48429813243325
143,96.6944,11:30÷11:36,51.3,4.1,17.08,65.9,2023-05-31 11:33:00,0.659,0.8292,0.04778784956410742,292.48429813243325
144,68.4357,15:25÷15:31,52.1,4.0,14.91,70.25,2023-05-31 15:28:00,0.7025,0.8509,0.036885494630383035,292.48429813243325
31,60.6618,8:50÷9:10,49.5,3.7,16.21,68.09,2023-06-03 09:00:00,0.6809000000000001,0.8379,0.04196989095147036,293.35551925656404
32,48.6531,11:20÷11:27,43.6,3.5,14.94,70.66,2023-06-03 11:23:30,0.7066,0.8506,0.03598629554641725,293.35551925656404
33,56.441,14:40÷14:45,49.5,4.1,19.26,63.41,2023-06-03 14:42:30,0.6341,0.8074,0.05535041440413527,293.35551925656404
178,79.0794,14:28÷14:40,55.9,3.0,27.53,56.74,2023-06-10 14:34:00,0.5674,0.7247,0.08216587493194884,149.8444355811588
150,104.3729,9:08÷9:20,50.4,2.8,22.35,58.6,2023-06-14 09:14:00,0.586,0.7765,0.07354487061014156,167.40935229155414
151,66.998,11:58÷12:05,50.6,4.3,16.29,62.69,2023-06-14 12:01:30,0.6269,0.8371,0.05775006296121307,167.40935229155414
152,76.0893,13:45÷13:50,51.2,3.8,17.11,61.71,2023-06-14 13:47:30,0.6171,0.8289,0.06118562354725409,167.40935229155414
153,87.5087,11:10÷11:20,54.6,2.8,32.95,45.96,2023-06-15 11:15:00,0.4596,0.6705,0.16043900956448903,76.7400595817133
155,115.9439,9:00÷9:11,60.9,2.7,35.72,24.39,2023-06-16 09:05:30,0.2439,0.6428,0.8879349566478867,13.86599216646491
156,55.3733,11:30÷11:35,52.2,5.4,24.6,54.51,2023-06-16 11:32:30,0.5451,0.754,0.09396071980786853,13.86599216646491
157,82.2411,13:45÷13:50,51.4,3.6,19.83,60.4,2023-06-16 13:47:30,0.604,0.8017000000000001,0.06610618827191174,13.86599216646491
158,93.988,9:10÷9:27,53.1,3.1,22.99,59.09,2023-06-20 09:18:30,0.5909,0.7701,0.07143700652477257,172.34903521524836
159,51.9089,11:40÷11:49,53.7,4.6,10.0,70.12,2023-06-20 11:44:30,0.7012,0.9,0.03717480240288647,172.34903521524836
161,57.7061,9:05÷9:15,45.5,4.9,25.48,53.82,2023-06-22 09:10:00,0.5382,0.7452,0.09797585151361872,125.6646302430815
162,66.4615,11:43÷11:48,52.4,4.5,13.45,70.79,2023-06-22 11:45:30,0.7079000000000001,0.8655,0.035705318681756026,125.6646302430815
163,61.5284,13:50÷13:55,51.1,4.8,27.52,50.85,2023-06-22 13:52:30,0.5085000000000001,0.7248,0.1175793592217405,125.6646302430815
164,87.1173,14:02÷14:17,47.3,3.4,18.69,61.14,2023-06-28 14:09:30,0.6114,0.8130999999999999,0.0632787355391967,194.56929801613185
165,66.7146,15:20÷15:25,53.4,4.6,12.52,72.52,2023-06-28 15:22:30,0.7252,0.8748,0.0321466739450167,194.56929801613185
148,63.8495,9:10÷9:23,50.6,3.0,16.13,62.89,2023-07-06 09:16:30,0.6289,0.8387,0.05707321877814589,215.72463261743397
149,46.865,14:24÷14:28,49.7,4.3,23.72,55.19,2023-07-06 14:26:00,0.5519,0.7628,0.09017986295080223,215.72463261743397
0,83.7862,11:30÷11:43,49.4,2.6,30.71,52.16,2023-08-02 11:36:30,0.5216,0.6929000000000001,0.10843726234245842,113.54122086120921
1,72.9909,11:57÷12:00,44.0,2.7,22.19,63.92,2023-08-02 11:58:30,0.6392,0.7781,0.0537111442835556,113.54122086120921
2,104.2654,12:20÷12:23,43.0,1.9,25.43,60.32,2023-08-02 12:21:30,0.6032,0.7457,0.0664195665276116,113.54122086120921
3,47.752,16:08÷16:20,46.4,4.0,15.79,70.3,2023-09-02 16:14:00,0.703,0.8421000000000001,0.03677476457131975,334.7974975973614
4,56.1883,16:31÷16:36,46.4,3.4,22.96,60.9,2023-09-02 16:33:30,0.609,0.7704,0.06418184868041045,334.7974975973614
34,64.6422,8:55÷9:09,45.6,2.9,23.01,62.32,2023-09-03 09:02:00,0.6232,0.7699,0.059023612200467056,208.59616506345455
35,155.1659,14:19÷14:22,43.4,1.3,34.24,33.28,2023-09-03 14:20:30,0.3328,0.6576,0.3982562403573108,208.59616506345455
36,79.7603,15:20÷15:25,43.3,2.6,28.33,55.4,2023-09-03 15:22:30,0.5539999999999999,0.7167,0.08904608636292127,208.59616506345455
172,54.9028,14:50÷15:09,66.6,5.6,39.77,38.1,2023-09-25 14:59:30,0.381,0.6023,0.2754690822841864,44.69503093094214
173,49.5319,15:23÷15:35,58.1,5.0,19.7,57.02,2023-09-27 15:29:00,0.5702,0.803,0.08080194633758293,152.37379433623002
174,48.366,14:30÷14:39,57.4,5.5,13.32,63.71,2023-09-28 14:34:30,0.6371,0.8668,0.05438020994274922,226.40771645000956
5,58.2581,10:09÷10:20,44.8,3.7,17.67,65.8,2023-10-02 10:14:30,0.6579999999999999,0.8232999999999999,0.048071107507428906,256.1226439666955
6,60.4904,10:28÷10:33,44.9,3.6,26.55,54.9,2023-10-02 10:30:30,0.5489999999999999,0.7344999999999999,0.09177153180652844,256.1226439666955
37,71.9453,9:04÷9:12,52.4,3.5,31.17,51.55,2023-10-03 09:08:00,0.5155,0.6882999999999999,0.11259062893498693,109.35278779124074
38,93.9888,11:20÷11:24,49.8,2.8,22.02,64.25,2023-10-03 11:22:00,0.6425,0.7798,0.05267619345438367,109.35278779124074
39,64.5633,13:40÷13:44,43.8,3.8,20.59,63.91,2023-10-03 13:42:00,0.6391,0.7941,0.05374281858198589,109.35278779124074
76,92.9631,8:53÷9:01,49.0,2.9,35.3,51.28,2023-10-04 08:57:00,0.5128,0.647,0.1144859591722061,107.54243788699445
77,86.0612,11:18÷11:22,49.3,3.2,27.38,56.59,2023-10-04 11:20:00,0.5659000000000001,0.7262,0.08290670726551941,107.54243788699445
78,90.5489,13:40÷13:46,48.2,3.0,27.83,57.58,2023-10-04 13:43:00,0.5758,0.7217,0.07814627301235143,107.54243788699445
112,115.658,9:35÷9:44,49.3,2.3,17.16,65.58,2023-10-05 09:39:30,0.6557999999999999,0.8284,0.04870000090394493,252.81517299135444
113,52.4965,11:58÷12:03,49.5,4.6,25.16,53.89,2023-10-05 12:00:30,0.5389,0.7484,0.09756002161112994,252.81517299135444
114,93.7399,14:07÷14:13,55.4,3.3,17.42,67.85,2023-10-05 14:10:00,0.6785,0.8258,0.042573150272975153,252.81517299135444
115,73.5809,9:05÷9:15,50.6,3.7,18.8,61.02,2023-11-05 09:10:00,0.6102000000000001,0.812,0.06372864965372795,193.19566976718036
116,83.8653,11:49÷11:55,57.4,3.4,22.34,63.15,2023-11-05 11:52:00,0.6315,0.7766,0.056205210928028916,193.19566976718036
117,82.0683,14:35÷14:40,50.4,2.9,18.49,66.61,2023-11-05 14:37:30,0.6661,0.8151,0.0458224025941979,193.19566976718036
79,64.8312,8:45÷8:55,51.0,3.7,24.58,57.34,2023-12-04 08:50:00,0.5734,0.7542,0.07927281697494605,155.313001644702
80,81.5838,11:21÷11:24,49.4,2.9,20.64,64.44,2023-12-04 11:22:30,0.6444,0.7936,0.05208927113648061,155.313001644702
81,63.3633,13:53÷13:57,43.9,3.6,21.67,61.58,2023-12-04 13:55:00,0.6158,0.7833,0.061656690804865036,155.313001644702
118,81.5549,9:08÷9:24,47.7,3.3,22.63,63.61,2023-12-05 09:16:00,0.6361,0.7737,0.05470171571859472,225.07701982416452
119,97.2485,11:45÷11:50,48.1,2.9,17.93,68.54,2023-12-05 11:47:30,0.6854,0.8207,0.040860227805784556,225.07701982416452
166,55.33,9:45÷10:00,52.5,3.4,49.8,38.32,2023-12-09 09:52:30,0.3832,0.502,0.2710867121338893,45.417567892922136
167,36.9784,10:45÷10:58,50.1,4.8,16.59,66.86,2023-12-09 10:51:30,0.6686,0.8341000000000001,0.045148952319017305,45.417567892922136
168,46.2246,11:40÷11:52,59.5,4.1,11.47,73.24,2023-12-09 11:46:00,0.7323999999999999,0.8853,0.030759251895806135,45.417567892922136
169,54.3461,15:20÷15:30,60.6,3.9,12.36,72.12,2023-12-09 15:25:00,0.7212000000000001,0.8764000000000001,0.03294056557818886,45.417567892922136
170,55.2992,16:20÷16:30,59.6,4.2,28.64,49.77,2023-12-09 16:25:00,0.49770000000000003,0.7136,0.12577631862476063,45.417567892922136
171,64.1787,17:10÷17:20,59.4,3.7,33.18,17.47,2023-12-09 17:15:00,0.1747,0.6682,2.005580131344867,45.417567892922136
